{
  "TOKEN": "ODY5MTE2NDY0NjQ3NTE2MTcw.G4xbWK.1hewZ9PjyHAm983NEB02n-m_4kYqOxeiXHgvvI",
  "sheetID": "1tMAQvRA1kvro4iYFvsEzZyme98EnuzQnD-1w2hcFXVo",
  "Player": "Week 11 Player | \u7b2c\u5341\u4e00\u5468\u9078\u624b",
  "Manager": "Week 11 Manager | \u7b2c\u5341\u4e00\u5468\u7d93\u7406",
  "Verified":"Verified | 已驗證",
  "UnVerified":"Unverified | 未驗證",
  "\u4e2d\u83ef\u6c11\u570b (\u53f0\u7063)": "TW",
  "\u9999\u6e2f": "HK",
  "\u6fb3\u9580": "MO",
  "\u6cf0\u570b": "TH",
  "\u4e2d\u83ef\u4eba\u6c11\u5171\u548c\u570b": "CN",
  "\u83f2\u5f8b\u8cd3": "PH",
  "\u5370\u5ea6\u5c3c\u897f\u4e9e": "ID",
  "\u65b0\u52a0\u5761": "SG",
  "\u99ac\u4f86\u897f\u4e9e": "MY",
  "\u8d8a\u5357": "VN",
  "\u5bee\u570b": "LA",
  "\u7dec\u7538": "MM",
  "\u67ec\u57d4\u5be8": "KH",
  "\u6771\u5e1d\u6c76": "TL",
  "\u6c76\u840a": "BN"
}